1027,501,95,187.5,183.5,170
1027,502,89,4.5,5,-200
1027,503,102,205,210,320
1027,504,91,8.5,8.5,-400
1027,505,87,187.5,188,400
1027,506,96,10,9,-500
1027,507,92,208,202,625
1027,508,99,10,12,-850
1028,701,106,194,194.5,450
1028,702,120,8,10,-600
1028,703,109,211,206,300
1028,704,120,6.5,7.5,-370
1028,705,91,5.5,7.5,-325
1028,706,101,191,194,265
1028,707,59,185,183,500
1028,708,92,10.5,10,-700
1028,709,93,211,206,180
1028,710,115,6,5,-220
1028,711,96,2,1.5,-125
1028,712,74,185,191,105
1028,713,89,207,204.5,250
1028,714,102,7.5,6.5,-300
1028,715,96,184,187.5,400
1028,716,113,8.5,9.5,-525
1028,717,93,199.5,2,-130
1028,718,95,2,194,110
1028,719,105,210,208.5,185
1028,720,114,6.5,5,-225
1028,721,108,216,213,190
1028,722,107,6.5,5.5,-230
1028,723,109,222,2.5,-145
1028,724,107,1,217,125
1029,501,85,4.5,3.5,-150
1029,502,92,194,193,130
1029,503,97,199,201,270
1029,504,94,6,7,-330
1030,701,86,196,191.5,220
1030,702,99,8,6,-260
1030,703,100,197.5,196,105
1030,704,102,2.5,1.5,-125
1030,705,89,203,202.5,220
1030,706,100,6.5,6,-260
1030,707,90,189,187.5,600
1030,708,118,11,11.5,-900
1030,709,91,192.5,190,180
1030,710,83,6.5,5,-220
1030,711,96,210,213,105
1030,712,83,1.5,1.5,-125
1030,713,92,199,201.5,600
1030,714,97,11.5,11.5,-900
1030,715,107,4,2.5,-140
1030,716,115,193.5,195,120
1030,717,104,11.5,12,-1100
1030,718,87,189.5,192,750
1030,719,95,9,9.5,-600
1030,720,85,200.5,199,400
1030,721,98,202.5,202.5,325
1030,722,111,9.5,9,-450
1030,723,101,227,233,190
1030,724,123,7,5,-230
1030,725,94,201,204.5,310
1030,726,80,8.5,7.5,-380
1031,501,104,195,191,230
1031,502,123,4.5,6.5,-270
1031,503,79,182.5,181.5,1300
1031,504,90,14.5,15,-2400
1031,505,141,2,2,-140
1031,506,127,205.5,206,120
1031,507,107,4,2.5,-145
1031,508,111,185.5,187.5,125
1031,509,85,188,184,125
1031,510,96,1,2,-145
1031,511,94,199,201.5,2000
1031,512,113,15.5,16.5,-4000
1031,513,93,5,5,-210
1031,514,84,197,195,175
1101,701,125,5,5.5,-240
1101,702,116,199,200,190
1101,703,87,183.5,185.5,550
1101,704,97,12,11,-800
1101,705,87,196.5,193,160
1101,706,95,3.5,4,-190
1101,707,83,3,3,-145
1101,708,74,186.5,186.5,125
1101,709,123,205,207,525
1101,710,133,12,11,-700
1101,711,112,216,220,800
1101,712,120,13,13,-1500
1101,713,110,195,196.5,350
1101,714,118,7.5,8.5,-450
1102,501,68,178,175,245
1102,502,79,7,7,-290
1102,503,111,6,3,-150
1102,504,117,205,203,130
1102,505,113,205.5,202.5,310
1102,506,96,8.5,8,-380
1102,507,116,200.5,206,100
1102,508,127,6,1,-110
1102,509,90,193,196.5,320
1102,510,93,7.5,7.5,-400
1103,701,90,192.5,197,600
1103,702,102,11.5,11.5,-800
1103,703,111,4,5,-230
1103,704,93,223,223.5,190
1103,705,105,7,7,-330
1103,706,74,191,191.5,270
1103,707,80,5.5,8.5,-400
1103,708,85,189,193,320
1103,709,104,217.5,215,155
1103,710,96,3.5,4.5,-175
1103,711,81,192,191.5,350
1103,712,83,8,8.5,-450
1103,713,101,7.5,7,-300
1103,714,98,193.5,193.5,250
1103,715,85,201,202,220
1103,716,96,4.5,6.5,-260
1103,717,97,189,193,250
1103,718,91,6.5,7,-300
1104,501,99,189,193,305
1104,502,110,9,7.5,-370
1104,503,100,224,218,260
1104,504,122,9,7.5,-340
1104,505,93,193.5,195,115
1104,506,89,3,2,-135
1104,507,122,10,9.5,-570
1104,508,94,202,199.5,420
1104,509,101,225,223.5,175
1104,510,89,3.5,5,-215
1104,511,92,10,12.5,-650
1104,512,90,186.5,186.5,450
1104,513,103,2.5,2,-130
1104,514,102,203,203,110
1104,515,107,190,189.5,155
1104,516,114,4,4.5,-175
1104,517,113,5,5.5,-240
1104,518,105,208,207.5,190
1104,519,105,223,227.5,190
1104,520,113,5.5,6,-240
1105,701,86,186.5,191,650
1105,702,85,12,11.5,-900
1105,703,99,1,198,-101
1105,704,113,201,1,-109
1106,501,83,3,2.5,-7.5
1106,502,103,177.5,180.5,120
1106,503,103,193,192,980
1106,504,110,14,13,-1180
1106,505,86,1.5,207.5,113
1106,506,102,207.5,1.5,-123
1106,507,94,190.5,194,800
1106,508,97,12,12,-1000
1106,509,110,205.5,207,500
1106,510,103,9.5,10.5,-700
1106,511,88,1.5,1,-110
1106,512,96,206,201.5,100
1106,513,87,185,189,120
1106,514,72,2,2.5,-140
1106,515,107,206,205,180
1106,516,90,4.5,4.5,-220
1106,517,100,8.5,8,-400
1106,518,91,205,200,320
1106,519,94,190,189.5,240
1106,520,105,6,6.5,-280
1106,521,118,218,217,165
1106,522,90,5,4,-190
1106,523,98,206,211,450
1106,524,114,10,9.5,-600
1106,525,84,184,185.5,155
1106,526,96,3,4,-175
1107,701,100,210.5,210.5,130
1107,702,125,3,3,-150
1107,703,86,13.5,14,-1500
1107,704,76,182.5,179,950
1107,705,90,176.5,176.5,250
1107,706,93,7,6.5,-300
1107,707,101,203,202.5,280
1107,708,129,7.5,7.5,-340
1107,709,87,194.5,195,165
1107,710,102,4.5,4.5,-185
1107,711,104,207.5,206.5,1400
1107,712,99,14,15.5,-2500
1107,713,110,204,201,165
1107,714,113,5,4,-185
1108,501,81,188,191.5,105
1108,502,88,1,2,-125
1108,503,102,2,2,-135
1108,504,90,215,216,115
1108,505,74,5.5,6,-260
1108,506,102,194,193,220
1108,507,107,5.5,3,-155
1108,508,120,217.5,216.5,135
1108,509,93,185.5,188.5,850
1108,510,116,15,12.5,-1300
1108,511,88,200,197,250
1108,512,104,7.5,7,-300
1109,701,119,215,2,-125
1109,702,115,pk,213.5,105
1109,703,95,5,5.5,-240
1109,704,93,210,211,190
1109,705,124,201,201.5,160
1109,706,131,6.5,4.5,-190
1109,707,105,212,214.5,210
1109,708,146,7.5,6,-260
1109,709,112,198,2,-130
1109,710,84,1.5,193,110
1110,501,93,3.5,4,-175
1110,502,81,185.5,182,155
1110,503,76,186.5,185,360
1110,504,90,7,8.5,-460
1110,505,90,2,2.5,-145
1110,506,89,200.5,204.5,125
1110,507,93,6.5,6.5,-260
1110,508,79,204,202,220
1110,509,103,198.5,199.5,235
1110,510,121,7.5,6.5,-275
1110,511,98,1.5,2,-135
1110,512,101,198,199,115
1111,701,94,225,225,180
1111,702,108,5,5.5,-230
1111,703,89,207.5,207,190
1111,704,99,5,5.5,-240
1111,705,114,5,5.5,-235
1111,706,101,207.5,208,185
1111,707,82,7,5,-215
1111,708,79,190.5,188.5,175
1111,709,86,189.5,190,600
1111,710,105,12,10.5,-800
1111,711,75,172,171.5,165
1111,712,98,4,4.5,-195
1111,713,102,3.5,3.5,-165
1111,714,108,196.5,198,145
1111,715,107,8,7.5,-350
1111,716,84,192,189.5,280
1111,717,102,190.5,190.5,110
1111,718,93,2,pk,-130
1111,719,79,213.5,212.5,400
1111,720,104,9,9.5,-550
1111,721,83,198,1.5,-130
1111,722,92,1,196.5,110
1111,723,104,216,217.5,240
1111,724,124,7,6.5,-290
1111,725,83,184,186,110
1111,726,79,2.5,2,-130
1112,501,111,1,2,-130
1112,502,104,181.5,179.5,110
1112,503,102,219,221,280
1112,504,121,7.5,7.5,-340
1113,701,112,199,196,135
1113,702,90,pk,3,-160
1113,703,72,189,188.5,1400
1113,704,88,15.5,14.5,-3000
1113,705,121,224.5,226,135
1113,706,107,2,4.5,-160
1113,707,86,1.5,3.5,-160
1113,708,78,191,187.5,135
1113,709,89,11,11,-850
1113,710,77,195,197,600
1113,711,97,194.5,193,385
1113,712,86,8.5,9,-510
1113,713,100,4,5,-210
1113,714,109,210,207.5,175
1113,715,79,212,212,135
1113,716,105,3,4,-160
1113,717,104,2.5,3,-160
1113,718,89,209,203,135
1114,501,104,6,7.5,-340
1114,502,113,190,188.5,280
1114,503,106,185,184.5,145
1114,504,103,5,3.5,-165
1114,505,80,3.5,2.5,-150
1114,506,74,172,171.5,130
1114,507,98,205,196,700
1114,508,121,8,12.5,-1000
1114,509,103,190.5,190,1000
1114,510,107,13,12.5,-1600
1114,511,80,180,178,750
1114,512,81,13.5,12.5,-1200
1114,513,88,188,190,250
1114,514,94,6.5,7,-300
1114,515,87,204,206,325
1114,516,97,8,9,-450
1114,517,125,208,210.5,300
1114,518,129,7,7.5,-360
1114,519,101,184,186,320
1114,520,98,8,8.5,-400
1115,701,95,3.5,4.5,-200
1115,702,90,184.5,184.5,170
1115,703,101,179,184.5,180
1115,704,93,5,5,-220
1115,705,100,232.5,233,280
1115,706,101,7.5,7.5,-340
1115,707,101,204.5,201.5,370
1115,708,91,8.5,9,-470
1116,501,95,190.5,189.5,140
1116,502,99,3.5,3.5,-160
1116,503,91,179.5,184.5,700
1116,504,97,12,12,-1000
1116,505,115,1.5,192.5,105
1116,506,113,189.5,1.5,-125
1117,701,108,108,216.5,1300
1117,702,114,114,14.5,-2200
1117,703,91,91,3.5,-185
1117,704,83,83,189,155
1117,705,100,100,184,235
1117,706,87,87,6.5,-295
1117,707,102,91,2.5,-130
1117,708,110,101,192.5,110
1117,709,111,84,218,125
1117,710,105,85,2,-145
1117,711,112,64,219,400
1117,712,130,64,9.5,-525
1117,713,101,14,2.5,-140
1117,714,87,16,196.5,120
1117,715,93,191,191,425
1117,716,106,11.5,9.5,-550
1118,501,91,5,3.5,-160
1118,502,108,194,195,140
1118,503,90,190.5,191.5,270
1118,504,105,7.5,7.5,-330
1118,505,84,182.5,183,135
1118,506,86,4,3,-155
1118,507,110,216,214.5,205
1118,508,103,6.5,6,-245
1118,509,94,190,195.5,700
1118,510,108,11.5,12,-1000
1118,511,95,208.5,211,1650
1118,512,109,16,16,-2600
1118,513,91,198.5,199,190
1118,514,106,4,5.5,-230
1118,515,97,7.5,6,-245
1118,516,84,200,196.5,205
1118,517,85,184.5,185.5,425
1118,518,99,10,10,-550
1118,519,91,215,211.5,295
1118,520,104,7,7.5,-355
1118,521,94,197,195.5,130
1118,522,99,2,3,-150
1118,523,81,179.5,180,460
1118,524,87,10.5,10,-560
1119,701,103,6,8,-400
1119,702,110,218,216,330
1119,703,90,202,196,170
1119,704,83,7,4.5,-200
1119,705,93,190,195.5,410
1119,706,108,10,10,-530
1120,501,113,200,199,130
1120,502,120,3,3,-150
1120,503,102,197.5,196,170
1120,504,97,7,5,-200
1120,505,105,5.5,3.5,-170
1120,506,95,197,200,150
1120,507,103,206.5,203,240
1120,508,105,7,7,-280
1120,509,83,191,190.5,220
1120,510,78,6.5,6,-260
1120,511,108,193.5,194.5,150
1120,512,127,2.5,4,-170
1120,513,102,200.5,202.5,500
1120,514,104,11.5,10,-700
1120,515,88,179,182,145
1120,516,95,5.5,3.5,-165
1120,517,99,8.5,9,-460
1120,518,106,208,208,360
1120,519,94,9.5,7.5,-360
1120,520,108,206,207.5,300
1121,701,98,193,194,120
1121,702,91,1.5,2.5,-140
1121,703,91,192.5,191.5,450
1121,704,97,11,10.5,-650
1121,705,88,6,4.5,-200
1121,706,96,208,203.5,170
1121,707,103,198,196,150
1121,708,98,3,4,-170
1121,709,84,192,194.5,260
1121,710,106,6,7.5,-320
1121,711,106,208,203,550
1121,712,113,10,11,-750
1121,713,97,189.5,191,325
1121,714,100,8.5,8,-450
1121,715,93,207.5,207,320
1121,716,112,8,8,-400
1121,717,78,185,187.5,950
1121,718,106,15.5,13,-1500
1122,501,104,3,3.5,-160
1122,502,96,208,207,140
1122,503,107,9.5,10,-600
1122,504,105,195,196,450
1122,505,88,187,188,100
1122,506,104,2.5,1.5,-120
1122,507,101,193.5,192,450
1122,508,102,9.5,10,-600
1122,509,91,208.5,208,450
1122,510,117,10,10,-600
1122,511,85,198,199.5,500
1122,512,101,10,11,-700
1123,701,105,209,206.5,205
1123,702,116,5.5,5.5,-245
1123,703,98,192,193.5,345
1123,704,112,8.5,8,-435
1123,705,98,179,182.5,320
1123,706,122,8.5,8,-400
1123,707,87,192,192,195
1123,708,91,7,5.5,-235
1124,501,112,214,216,205
1124,502,123,5,5.5,-245
1124,503,107,199,197.5,120
1124,504,108,3,2.5,-140
1124,505,111,217,218.5,700
1124,506,103,12,12.5,-1100
1124,507,87,203,205,1050
1124,508,101,15,13.5,-1500
1124,509,104,197,197,313
1124,510,94,7,8,-375
1124,511,90,210,213,1460
1124,512,100,14,14.5,-2800
1125,701,81,195,195.5,130
1125,702,116,2,3.5,-150
1125,703,73,202,199.5,160
1125,704,86,4.5,4,-190
1125,705,110,187,187.5,925
1125,706,113,12.5,13,-1400
1125,707,99,193,192.5,450
1125,708,98,9,10,-600
1125,709,98,5,5.5,-245
1125,710,88,183.5,184,205
1125,711,99,200.5,199.5,115
1125,712,102,4,2.5,-135
1125,713,124,8.5,8.5,-455
1125,714,111,203,204,355
1125,715,104,214.5,213,1100
1125,716,118,16,13,-1600
1125,717,130,200,199,155
1125,718,99,3.5,4,-175
1125,719,111,222,219,500
1125,720,126,10.5,10.5,-700
1125,721,97,218,215,155
1125,722,111,4.5,4.5,-180
1125,723,83,177.5,181.5,1300
1125,724,93,14,14,-2000
1126,501,93,195.5,199,135
1126,502,76,3,3.5,-155
1126,503,86,194,197.5,250
1126,504,105,7,7,-310
1127,701,100,3.5,5.5,-235
1127,702,86,199,198,195
1127,703,94,198.5,198.5,250
1127,704,84,6.5,7,-300
1127,705,87,4,5.5,-235
1127,706,94,186,184,195
1127,707,103,204,203.5,400
1127,708,116,10.5,9.5,-550
1127,709,90,196.5,196.5,185
1127,710,108,5,5,-225
1127,711,113,2,3,-150
1127,712,92,199,202,130
1127,713,104,181,181,145
1127,714,96,3.5,4,-165
1127,715,92,196,195,-115
1127,716,84,1,1,105
1127,717,125,218,219,800
1127,718,128,12,12.5,-1150
1127,719,120,9.5,9.5,-520
1127,720,95,214,214.5,370
1127,721,106,194.5,194.5,650
1127,722,96,11.5,11.5,-1000
1127,723,96,195.5,195,165
1127,724,109,4.5,4,-185
1128,501,92,190,190.5,155
1128,502,76,4,3.5,-175
1128,503,95,196,194,225
1128,504,111,7.5,6.5,-275
1128,505,92,186,189.5,170
1128,506,108,3,5,-210
1128,507,100,6.5,7,-310
1128,508,98,196,195,250
1128,509,130,8,8.5,-460
1128,510,97,218.5,222.5,340
1129,701,88,6.5,7,-265
1129,702,94,187.5,187,225
1129,703,113,2.5,2.5,-140
1129,704,94,232,229.5,120
1129,705,88,197.5,197.5,145
1129,706,98,3.5,3.5,-165
1129,707,114,5.5,6,-265
1129,708,102,206,205.5,225
1129,709,92,4,4,-160
1129,710,85,187,187,140
1129,711,89,195,196,650
1129,712,97,11.5,12,-1000
1129,713,100,198,196.5,140
1129,714,91,3.5,3.5,-160
1129,715,106,214.5,214.5,1280
1129,716,100,16,14,-2100
1129,717,96,211.5,207.5,158
1129,718,112,3,4,-180
1129,719,87,192.5,192.5,1250
1129,720,106,14.5,14.5,-2000
1130,501,97,196,193,130
1130,502,99,3,3,-150
1130,503,102,199,198,850
1130,504,104,12,12,-1150
1130,505,93,207.5,207,460
1130,506,120,10,10,-570
1130,507,107,229,228,125
1130,508,126,1.5,2.5,-145
1201,701,106,213.5,214,235
1201,702,102,6.5,7,-275
1201,703,108,3.5,4,-175
1201,704,90,177,178,155
1201,705,99,7,7,-310
1201,706,126,226.5,227,255
1201,707,107,233.5,235,1150
1201,708,135,13,15,-1800
1201,709,107,185,183,225
1201,710,100,6.5,6,-265
1201,711,99,205.5,202,1440
1201,712,110,13.5,15,-2700
1202,501,104,208,208,700
1202,502,118,12.5,12.5,-1000
1202,503,102,195.5,197.5,135
1202,504,104,3,3,-155
1202,505,115,210.5,212.5,395
1202,506,146,9,9,-495
1202,507,90,213,212.5,290
1202,508,107,7.5,7.5,-350
1202,509,117,7,7,-300
1202,510,101,189,189,250
1202,511,85,183,181.5,250
1202,512,92,7.5,7,-300
1202,513,97,3,3.5,-165
1202,514,95,202,202,145
1202,515,106,198,195,220
1202,516,117,6.5,6.5,-260
1202,517,105,216.5,216.5,107
1202,518,110,1.5,1.5,-127
1202,519,102,1,2.5,-140
1202,520,85,194.5,193,120
1203,701,90,187,1,-103
1203,702,83,1,187.5,-117
1203,703,111,224,3.5,-150
1203,704,109,pk,220,130
1203,705,96,211.5,211,360
1203,706,114,9,9,-460
1204,501,109,216,216.5,130
1204,502,107,4.5,3.5,-150
1204,503,114,217,215.5,500
1204,504,107,12.5,11,-700
1204,505,105,3.5,4,-180
1204,506,87,192,190,160
1204,507,87,190,190,950
1204,508,101,12,13,-1500
1204,509,82,5.5,6,-260
1204,510,98,206,204,220
1204,511,96,186,187,120
1204,512,105,3,2.5,-140
1204,513,89,200,199,400
1204,514,98,10.5,10,-600
1204,515,91,5.5,3,-155
1204,516,97,178,183,135
1204,517,87,209.5,210,300
1204,518,96,10,8,-360
1204,519,107,198.5,199,750
1204,520,108,11.5,12.5,-1000
1205,701,105,186,187,190
1205,702,106,5,5.5,-230
1205,703,110,205,205,190
1205,704,78,6,6,-230
1205,705,101,7.5,7,-330
1205,706,108,197.5,197.5,260
1205,707,106,207,207,140
1205,708,99,3.5,3.5,-165
1205,709,107,227,224.5,625
1205,710,115,11,11.5,-875
1205,711,80,208,203.5,175
1205,712,75,4,5.5,-210
1205,713,89,190.5,193,180
1205,714,90,4.5,5.5,-220
1205,715,72,200.5,200.5,115
1205,716,88,2.5,2.5,-135
1205,717,126,8,9.5,-485
1205,718,118,221.5,221.5,375
1206,501,97,202,205.5,160
1206,502,106,5.5,4,-190
1206,503,101,7,6.5,-285
1206,504,86,196,193.5,240
1206,505,94,189,191.5,120
1206,506,98,3,3,-140
1206,507,115,205,1.5,-130
1206,508,102,1,204,110
1206,509,88,222,220,400
1206,510,108,9,9.5,-525
1207,701,93,6,7,-300
1207,702,83,216,217,250
1207,703,84,4,3.5,-160
1207,704,93,204,201.5,140
1207,705,88,222,222,255
1207,706,104,7,7,-310
1207,707,101,192.5,194.5,115
1207,708,104,2,2,-135
1208,501,95,3.5,3,-150
1208,502,107,204.5,199.5,130
1208,503,88,212,208.5,280
1208,504,94,8.5,7.5,-304
1208,505,89,191,193,760
1208,506,98,12.5,12.5,-1000
1208,507,109,8,7,-320
1208,508,111,192.5,194.5,260
1208,509,103,189,191.5,200
1208,510,101,7.5,6,-240
1208,511,94,211.5,209,360
1208,512,96,7,9,-460
1208,513,101,215.5,216,170
1208,514,102,4.5,5,-200
1208,515,97,7,7.5,-320
1208,516,86,194,192.5,260
1209,701,83,195,196,475
1209,702,118,11,10.5,-650
1209,703,90,190.5,190,175
1209,704,86,3.5,4.5,-210
1209,705,102,5,4.5,-190
1209,706,91,190,191.5,160
1209,707,105,218,218.5,-120
1209,708,89,1.5,pk,100
1209,709,95,205,206.5,160
1209,710,117,3,4.5,-190
1209,711,97,4.5,3,-145
1209,712,96,198.5,194,125
1209,713,85,3.5,3,-145
1209,714,95,194.5,194,125
1209,715,106,204,202,700
1209,716,118,12,12.5,-1000
1209,717,77,204,206.5,475
1209,718,101,10.5,10.5,-625
1210,501,99,7,8,-350
1210,502,101,198,198,290
1210,503,104,7.5,7.5,-310
1210,504,102,193,194,255
1210,505,111,2.5,3,-140
1210,506,120,202,201,120
1211,701,91,198.5,198.5,160
1211,702,107,4,4,-190
1211,703,96,2.5,2.5,-150
1211,704,91,193.5,193.5,130
1211,705,111,5.5,3.5,-175
1211,706,89,211,210,150
1211,707,106,196,1.5,-125
1211,708,93,pk,194,105
1211,709,113,205,206.5,240
1211,710,96,6.5,6.5,-300
1211,711,91,213.5,213.5,160
1211,712,96,4,5,-190
1211,713,99,183.5,186,475
1211,714,104,9,10,-675
1211,715,102,199.5,198,115
1211,716,94,1.5,2,-135
1211,717,85,188,187.5,270
1211,718,104,7.5,7.5,-340
1211,719,92,198.5,198,1400
1211,720,104,15,15,-3000
1211,721,103,213.5,215.5,130
1211,722,106,3,3,-150
1212,501,114,207,206.5,260
1212,502,113,7.5,7.5,-320
1212,503,95,206.5,205.5,200
1212,504,104,6,5.5,-240
1212,505,106,8.5,9.5,-600
1212,506,80,188.5,186.5,400
1212,507,97,189,188.5,280
1212,508,98,6,7.5,-340
1212,509,101,190.5,190.5,145
1212,510,108,4,3.5,-165
1212,511,99,228.5,225,350
1212,512,105,8.5,9,-500
1212,513,94,203.5,203,110
1212,514,102,1,2,-130
1212,515,100,205,206,260
1212,516,120,7.5,7,-320
1213,701,88,203.5,2,-130
1213,702,101,1,203.5,110
1213,703,107,196,196.5,700
1213,704,130,12.5,13,-1000
1213,705,118,199.5,197,210
1213,706,90,6.5,6,-260
1213,707,102,3,3,-160
1213,708,89,191,191.5,140
1213,709,115,5.5,5.5,-230
1213,710,90,187,189,180
1214,501,98,208.5,208,885
1214,502,106,12,12.5,-1350
1214,503,101,211.5,211.5,160
1214,504,117,4,4,-185
1214,505,110,7.5,7.5,-325
1214,506,105,194.5,194.5,265
1214,507,90,195.5,198.5,365
1214,508,94,8.5,9,-460
1214,509,110,203,202.5,1000
1214,510,108,13,13.5,-1500
1214,511,93,208.5,210,425
1214,512,102,10.5,10,-550
1214,513,95,194,194,110
1214,514,97,2,2,-130
1215,701,89,193,196.5,1450
1215,702,99,14.5,14.5,-2200
1215,703,87,196,196.5,175
1215,704,94,5,5,-210
1215,705,95,202.5,206,220
1215,706,115,6.5,6.5,-260
1215,707,96,10,10,-520
1215,708,87,193,193,430
1215,709,96,186.5,188.5,210
1215,710,107,4.5,5.5,-250
1215,711,104,210,209.5,108
1215,712,116,3,2,-128
1215,713,88,200,201.5,250
1215,714,95,7,7,-300
1216,501,99,207.5,207.5,600
1216,502,118,11,11,-800
1216,503,97,207,207,425
1216,504,110,9,10,-550
1216,505,108,6,6,-250
1216,506,101,192.5,195,210
1216,507,98,192,193.5,145
1216,508,101,4,3.5,-165
1216,509,108,9,9,-420
1216,510,92,199,200,335
1216,511,120,1,188,-102
1216,512,95,191.5,pk,-118
1216,513,107,5.5,5,-220
1216,514,106,198,198.5,180
1216,515,87,189.5,189,200
1216,516,95,5,5.5,-240
1216,517,100,2.5,2,-125
1216,518,86,192.5,194,105
1216,519,101,206.5,211,335
1216,520,111,7,8.5,-420
1216,521,109,213.5,213,155
1216,522,112,2,4,-175
1216,523,103,5.5,5.5,-240
1216,524,91,214,214,200
1217,701,89,199.5,202.5,125
1217,702,98,2.5,2.5,-145
1217,703,86,1.5,4,-180
1217,704,104,199.5,199,158
1217,705,102,201.5,204.5,105
1217,706,105,2,1.5,-125
1218,501,95,205,204,295
1218,502,118,9,7.5,-355
1218,503,98,195,195,640
1218,504,97,11,12,-840
1218,505,82,193.5,194,425
1218,506,85,9.5,9.5,-550
1218,507,83,206.5,207,200
1218,508,96,6.5,6,-240
1218,509,96,1.5,2,-125
1218,510,112,210,210,105
1218,511,92,203,1,-120
1218,512,98,pk,204,100
1218,513,91,202.5,202,110
1218,514,95,2,1.5,-130
1218,515,94,209,209.5,210
1218,516,107,4.5,6,-250
1218,517,98,186,185,180
1218,518,109,6,4.5,-220
1218,519,116,198.5,198,200
1218,520,108,5.5,5.5,-240
1218,521,118,219,222,125
1218,522,109,pk,3,-145
1219,701,112,195.5,193,150
1219,702,107,3,3.5,-170
1219,703,83,194,191.5,330
1219,704,92,8.5,9,-410
1219,705,110,190.5,190.5,125
1219,706,102,1,3,-145
1219,707,103,13,13,-1600
1219,708,84,195.5,196.5,1100
1219,709,98,6,4.5,-190
1219,710,101,198,194,165
1219,711,96,208.5,210,240
1219,712,95,6,6.5,-280
1219,713,99,204,204.5,650
1219,714,100,12,12,-900
1219,715,90,194,195.5,140
1219,716,95,5,3.5,-160
1219,717,95,218,219,475
1219,718,121,11,10.5,-600
1220,501,92,204.5,206,110
1220,502,98,2.5,1.5,-130
1220,503,96,2.5,1.5,-125
1220,504,102,210,208.5,105
1220,505,102,186.5,186.5,180
1220,506,95,5,5,-220
1220,507,93,8,7.5,-360
1220,508,81,189,189,300
1220,509,104,197,196,1350
1220,510,122,14,13.5,-2250
1220,511,94,193,196,240
1220,512,98,3,6.5,-280
1220,513,95,4,3.5,-190
1220,514,102,188,188,165
1221,701,84,202,198.5,100
1221,702,81,1.5,1,-120
1221,703,99,203.5,203,310
1221,704,104,7.5,8,-380
1221,705,102,198,198.5,165
1221,706,98,3.5,4.5,-185
1221,707,87,193.5,194,350
1221,708,103,8.5,9,-500
1221,709,109,209.5,209.5,115
1221,710,91,2.5,2.5,-135
1222,501,98,204,208,110
1222,502,105,3.5,1.5,-130
1222,503,76,178,177.5,200
1222,504,88,5.5,5.5,-240
1222,505,94,201.5,200.5,1050
1222,506,103,15,14,-1600
1222,507,81,201,199.5,225
1222,508,88,5.5,6,-265
1222,509,112,8,9.5,-400
1222,510,87,202,202,325
1222,511,108,219.5,222,305
1222,512,121,8,7.5,-365
1222,513,99,194.5,194.5,323
1222,514,108,8,8,-395
1222,515,85,185,187.5,195
1222,516,81,3.5,6,-235
1222,517,108,195.5,198,450
1222,518,111,10.5,10,-600
1223,701,87,200.5,200,360
1223,702,102,9,2,-450
1223,703,103,199.5,196,160
1223,704,99,3,4,-185
1223,705,94,196,196,-117
1223,706,64,2,pk,-103
1223,707,70,200.5,200.5,100
1223,708,80,2,pk,-120
1223,709,102,212,214,425
1223,710,108,9,9.5,-550
1223,711,109,198.5,201.5,290
1223,712,97,7,7.5,-350
1223,713,98,187.5,187,775
1223,714,94,8.5,12.5,-1200
1223,715,104,207,207,145
1223,716,124,3.5,3.5,-165
1223,717,117,208.5,213,345
1223,718,113,8,8.5,-430
1223,719,117,6,5.5,-235
1223,720,104,203.5,204.5,195
1225,501,93,202,198.5,110
1225,502,87,1,2,-130
1225,503,86,189.5,191.5,190
1225,504,77,5.5,5.5,-230
1225,505,102,195,194,210
1225,506,87,4,6,-250
1225,507,93,212.5,215,425
1225,508,124,10,9.5,-550
1225,509,96,196,2.5,-143
1225,510,107,2,198,123
1226,701,101,201,201,350
1226,702,106,8.5,8.5,-440
1226,703,110,7,6,-275
1226,704,98,203,203.5,235
1226,705,98,8.5,8.5,-390
1226,706,93,196.5,195,320
1226,707,85,189.5,190,105
1226,708,96,2,2.5,-125
1226,709,89,2,2,-130
1226,710,101,208,206.5,110
1226,711,91,188.5,190,205
1226,712,98,5.5,5.5,-245
1226,713,112,2.5,2,-130
1226,714,97,190.5,191.5,110
1226,715,76,205,203,300
1226,716,97,8.5,7,-360
1226,717,112,5.5,6,-260
1226,718,103,209,210,220
1226,719,127,4,3,-155
1226,720,132,234,233,135
1227,501,95,195,193.5,155
1227,502,102,2.5,4,-175
1227,503,80,194,196,335
1227,504,114,7.5,9,-420
1227,505,83,191.5,192,330
1227,506,108,8,8,-410
1227,507,95,3,3.5,-160
1227,508,88,197.5,198,140
1227,509,104,209,207,200
1227,510,96,6.5,5.5,-240
1227,511,90,7,8.5,-390
1227,512,92,188,190,320
1228,701,84,186.5,186.5,160
1228,702,94,4,4.5,-185
1228,703,105,5,5.5,-230
1228,704,89,194.5,195.5,190
1228,705,111,209,208,175
1228,706,116,5.5,5,-210
1228,707,103,1,1,-117
1228,708,118,216,217,-103
1228,709,101,3,2,-130
1228,710,106,211,212,110
1228,711,104,190.5,193,230
1228,712,93,6.5,5.5,-270
1228,713,99,6,5.5,-220
1228,714,103,212.5,210,180
1229,501,95,194,194,120
1229,502,84,2,2.5,-140
1229,503,110,202.5,1,-117
1229,504,98,2,204,-103
1229,505,104,188,193,160
1229,506,87,5.5,4.5,-185
1229,507,95,189,193,240
1229,508,104,5.5,6.5,-280
1229,509,100,193,194,190
1229,510,108,5,6,-230
1229,511,99,197.5,198,575
1229,512,117,11,11,-850
1229,513,118,220.5,217.5,650
1229,514,124,11.5,11.5,-1000
1230,701,92,194.5,195,460
1230,702,117,10.5,10.5,-560
1230,703,121,2,3,-150
1230,704,110,205,207,130
1230,705,103,195,197.5,200
1230,706,107,5.5,5.5,-240
1230,707,101,193,193,195
1230,708,106,6,5.5,-235
1230,709,95,1.5,2.5,-140
1230,710,104,196,198,120
1230,711,91,191,1.5,-115
1230,712,95,1.5,192,-105
1230,713,107,7.5,7.5,-350
1230,714,103,200,202,290
1230,715,98,209,206.5,170
1230,716,116,1,5,-200
1230,717,116,207.5,206,120
1230,718,106,3,2.5,-140
1230,719,99,189,190,240
1230,720,103,7.5,6.5,-280
1231,501,98,186,185,160
1231,502,87,4,4,-185
1231,503,78,194.5,194.5,285
1231,504,108,8,7.5,-345
1231,505,94,1.5,1.5,-125
1231,506,97,197.5,197,105
1231,507,86,198.5,199,130
1231,508,87,2.5,3,-150
1231,509,88,196.5,196,-105
1231,510,104,2.5,1,-115
101,701,112,204,205.5,600
101,702,108,11.5,11,-800
101,703,106,8.5,8.5,-380
101,704,94,204,202,310
101,705,108,211,211,700
101,706,109,12,12,-1000
102,501,94,11,10,-600
102,502,86,192.5,192,450
102,503,107,185.5,187,175
102,504,97,6,5,-210
102,505,97,5.5,6,-270
102,506,86,200,202.5,230
102,507,111,207.5,208,165
102,508,122,4,4.5,-190
102,509,96,194.5,194.5,135
102,510,103,3.5,3.5,-155
102,511,95,194.5,195,120
102,512,99,2,2.5,-140
102,513,93,4,3.5,-165
102,514,101,194,193,145
102,515,97,1,197,108
102,516,103,195.5,1.5,-119
102,517,105,203.5,202,260
102,518,95,5,7.5,-320
102,519,128,227,227.5,300
102,520,103,7.5,8,-360
102,521,89,210.5,213.5,135
102,522,105,4,3.5,-155
102,523,99,6,4,-175
102,524,91,206.5,206,155
103,701,89,205,208.5,370
103,702,132,8,9.5,-470
103,703,86,3.5,3,-155
103,704,91,202.5,200,135
103,705,91,185,185.5,600
103,706,88,11,11.5,-800
103,707,108,207.5,207,155
103,708,105,4,4,-175
103,709,96,199.5,201,235
103,710,131,6.5,6.5,-275
104,501,75,1.5,2.5,-140
104,502,92,196.5,194,120
104,503,98,194.5,192,115
104,504,85,2.5,2.5,-135
104,505,91,196,196.5,280
104,506,87,8,7.5,-340
104,507,95,189,189,155
104,508,105,4.5,4,-175
105,701,90,9.5,11.5,-800
105,702,97,209,209,550
105,703,104,207,206,180
105,704,97,3.5,5,-220
105,705,108,188,186.5,240
105,706,113,5,7,-280
105,707,98,2,1.5,-125
105,708,76,190,191.5,105
105,709,93,190,190,350
105,710,98,8.5,9,-440
105,711,122,226,223.5,210
105,712,123,9.5,5.5,-250
105,713,113,2.5,2.5,-150
105,714,109,227,226,130
105,715,109,200,199.5,-102
105,716,105,2,1,-118
105,717,79,200,201,270
105,718,88,7,7,-330
106,501,98,195,196,1400
106,502,121,13.5,14,-2500
106,503,89,197,199.5,1125
106,504,119,14,14,-1750
106,505,108,204,205.5,260
106,506,103,8,7.5,-320
106,507,112,2,186,100
106,508,106,189,1.5,-120
106,509,97,192,192,165
106,510,92,5,4.5,-190
106,511,107,224,223.5,125
106,512,101,1.5,2.5,-145
106,513,92,186,188,450
106,514,112,9.5,10,-600
106,515,94,207,204,190
106,516,117,7,5.5,-230
106,517,110,217,215.5,168
106,518,118,5,4.5,-195
106,519,91,6,5,-210
106,520,102,201,196,175
107,701,93,197,199,135
107,702,97,3,3,-155
108,801,97,7,7.5,-350
108,802,104,201,203,290
108,803,108,208,208,115
108,804,106,pk,2,-135
108,805,89,204,203.5,170
108,806,91,4,4.5,-200
108,807,85,196,195,150
108,808,93,2.5,3.5,-170
108,809,99,192,189,438
108,810,103,11,9.5,-575
108,811,109,213,212,130
108,812,116,2.5,3,-150
108,813,93,193,193.5,158
108,814,96,3.5,4,-180
108,815,112,195.5,195,170
108,816,103,4,4.5,-200
108,817,109,214,214.5,190
108,818,105,7,5.5,-230
108,819,98,3,4.5,-190
108,820,107,193.5,193.5,165
108,821,101,227.5,228.5,175
108,822,108,3.5,4.5,-210
108,823,97,1,4.5,-200
108,824,99,202,202.5,170
109,501,81,196.5,196.5,145
109,502,113,4.5,3.5,-165
109,503,87,199,199.5,220
109,504,89,6,6,-260
109,505,104,189,192,165
109,506,94,4.5,4.5,-190
109,507,102,202.5,207,360
109,508,108,8,9,-450
109,509,96,201,201,333
109,510,110,8.5,8.5,-415
109,511,111,196,195,205
109,512,93,7,5.5,-245
109,513,96,203.5,202.5,235
109,514,105,6.5,6.5,-275
109,515,100,1.5,212.5,110
109,516,102,214,2,-130
110,801,114,198,1.5,-125
110,802,107,pk,198.5,105
110,803,115,1.5,197.5,102
110,804,110,199.5,1.5,-122
110,805,84,194,192,105
110,806,94,1.5,1.5,-125
110,807,85,197,196.5,1200
110,808,97,15,14.5,-1750
110,809,106,5,5,-210
110,810,94,188,190,175
110,811,77,196,196,400
110,812,95,10,9.5,-500
111,701,92,199.5,199.5,115
111,702,96,1.5,2,-135
111,703,101,217,217,115
111,704,105,1,2,-135
111,705,102,193,193,155
111,706,96,3.5,3.5,-175
111,707,87,191,192.5,195
111,708,120,7,5.5,-235
111,709,88,199,201.5,175
111,710,106,5,5,-210
111,711,101,212.5,213.5,420
111,712,105,9,9.5,-535
111,713,89,192,194.5,260
111,714,118,7.5,7,-320
111,715,94,217,216.5,1150
111,716,105,13.5,13.5,-1800
111,717,117,6,5.5,-230
111,718,114,214,214,190
112,501,99,199,199,190
112,502,90,5,5.5,-230
112,503,94,190.5,190,120
112,504,102,3.5,2.5,-140
112,505,102,199,199,220
112,506,104,5,6,-260
112,507,85,194.5,194,155
112,508,105,2.5,3.5,-175
112,509,109,4,4,-180
112,510,88,206,207,160
113,701,93,202,204,120
113,702,92,3,2.5,-140
113,703,82,205,203,525
113,704,94,11,11.5,-750
113,705,114,3.5,4,-185
113,706,122,226.5,227,160
113,707,111,8.5,8,-350
113,708,87,190,189.5,290
113,709,94,192.5,192.5,295
113,710,108,5,7.5,-355
113,711,109,192.5,193,155
113,712,108,1,3.5,-175
113,713,114,203.5,203.5,380
113,714,120,10,9,-475
113,715,100,197,195.5,225
113,716,95,5.5,6,-265
113,717,97,209,209.5,185
113,718,115,4,6,-225
113,719,108,190.5,192.5,220
113,720,120,5.5,6,-260
113,721,115,215,214.5,125
113,722,102,2.5,2.5,-145
114,501,96,194.5,195,235
114,502,83,7,6.5,-275
114,503,96,196.5,194.5,100
114,504,97,pk,1,-120
115,801,76,2,2,-135
115,802,92,189,188.5,115
115,803,86,207,209,130
115,804,98,3,3,-150
115,805,101,218,216,195
115,806,102,5.5,5.5,-235
115,807,110,207,209.5,275
115,808,135,9,7.5,-335
115,809,104,2,2.5,-145
115,810,110,192,190.5,125
115,811,112,210,210.5,115
115,812,104,2.5,2,-135
115,813,121,3.5,2.5,-135
115,814,105,209,207.5,115
115,815,119,199,198,210
115,816,121,6,6,-250
115,817,115,194,194.5,160
115,818,106,4.5,4,-190
115,819,98,196,195.5,180
115,820,99,6,5,-220
115,821,113,216,217,140
115,822,104,4.5,3.5,-160
115,823,87,5.5,5.5,-240
115,824,102,194.5,194,200
115,825,86,196.5,196.5,550
115,826,126,10.5,10.5,-750
116,501,99,208,208.5,125
116,502,125,1,3,-145
116,503,86,211.5,2,-130
116,504,96,2,208.5,110
116,505,101,208,208,125
116,506,96,1,2.5,-145
116,507,90,194,194,-104
116,508,94,1,1,-106
116,509,80,193,194,160
116,510,98,4,4,-180
116,511,86,201,200.5,110
116,512,92,1.5,1,-130
116,513,95,193,195,450
116,514,112,9,10,-600
116,515,102,9,9,-450
116,516,101,193,193,350
117,801,88,2,206.5,-103
117,802,110,207,1,-117
117,803,112,208.5,212,260
117,804,119,6.5,7,-320
118,701,91,193,191,275
118,702,99,5.5,7.5,-335
118,703,92,194,194.5,115
118,704,97,2,2,-135
118,705,103,196.5,197,255
118,706,105,7,6.5,-310
118,707,94,195.5,194,200
118,708,91,6,5.5,-240
118,709,98,197,195.5,240
118,710,101,6.5,6.5,-280
118,711,103,1.5,3,-160
118,712,108,205.5,204,140
118,713,95,197,195.5,310
118,714,106,9.5,8,-370
118,715,97,1,189.5,-103
118,716,90,190.5,1,-117
118,717,97,218.5,2,-130
118,718,114,pk,215.5,110
118,719,118,226,225.5,115
118,720,125,2.5,2.5,-135
118,721,99,197,194,170
118,722,90,5,4.5,-200
118,723,92,200,200,215
118,724,98,6.5,6,-255
119,501,100,203,205,450
119,502,108,9.5,10,-650
119,503,83,205.5,207,225
119,504,113,6,6.5,-265
120,701,65,191,191,160
120,702,104,3.5,4,-190
120,703,98,209.5,210,750
120,704,109,12,12,-1100
120,705,94,4,4,-190
120,706,93,198.5,196,160
120,707,98,1,1,-120
120,708,90,193,194,100
120,709,97,205,203.5,400
120,710,108,10,9,-525
120,711,86,5,6,-250
120,712,92,187,187.5,210
120,713,111,202,204,135
120,714,113,4,3.5,-155
120,715,107,204,205,120
120,716,113,2,2.5,-140
120,717,94,6.5,7,-300
120,718,92,199,199.5,250
120,719,105,194,195,200
120,720,98,6,5.5,-240
120,721,94,218,219.5,850
120,722,118,13,14,-1300
120,723,123,5.5,6,-240
120,724,118,231,231,200
120,725,97,194.5,194.5,145
120,726,104,3.5,3.5,-165
121,501,87,195.5,192,125
121,502,93,3.5,2.5,-145
121,503,85,210,212.5,475
121,504,105,10,10.5,-650
122,801,112,1.5,3,-145
122,802,88,193.5,192,125
122,803,84,205,207,400
122,804,100,10,9.5,-600
122,805,96,206.5,205.5,240
122,806,101,7,6.5,-280
122,807,81,3,2.5,-140
122,808,92,195,196.5,120
122,809,95,187,186.5,500
122,810,98,10,10.5,-700
122,811,89,189.5,190.5,240
122,812,103,6.5,6.5,-280
122,813,84,204.5,205,145
122,814,86,3,3.5,-165
122,815,115,5.5,6,-240
122,816,105,200.5,205,200
122,817,105,201,201.5,145
122,818,93,3.5,3.5,-165
122,819,96,4,3.5,-165
122,820,94,201,201,145
122,821,116,193.5,192,210
122,822,109,6,6,-250
122,823,115,217,220.5,250
122,824,104,7,6.5,-300
122,825,79,216.5,217,260
122,826,111,8.5,7.5,-320
123,501,106,191,191,100
123,502,95,1,pk,-120
123,503,107,207,207,110
123,504,97,3.5,2.5,-130
123,505,84,201,201.5,260
123,506,115,7,7,-320
123,507,97,184.5,183,135
123,508,93,2,3,-155
123,509,99,189,191,300
123,510,100,7.5,8,-360
123,511,104,195.5,199,210
123,512,97,6,6,-250
123,513,94,202,204.5,300
123,514,127,8,8,-360
123,515,110,208,207,650
123,516,116,9.5,12,-1000
123,517,103,237,233,625
123,518,112,10,11.5,-950
123,519,83,202,201,2000
123,520,116,15.5,16.5,-3000
124,801,92,193.5,194,140
124,802,78,2.5,3,-160
124,803,128,3.5,1,-120
124,804,78,198,197.5,100
124,805,105,4.5,4,-175
124,806,106,208,208,155
125,701,109,205,208.5,195
125,702,98,4.5,5.5,-235
125,703,92,1.5,190,-110
125,704,91,190,pk,-110
125,705,89,190,189,650
125,706,95,11.5,11.5,-900
125,707,94,203,1.5,-130
125,708,99,pk,205,110
125,709,98,196,198,320
125,710,93,7,8,-400
125,711,102,197,197.5,100
125,712,95,pk,1,-120
125,713,115,220.5,221.5,250
125,714,124,6,7,-300
125,715,93,198,195.5,200
125,716,104,5,5.5,-240
125,717,98,189,188,125
125,718,97,3,2.5,-145
126,501,115,8,8,-400
126,502,103,199,199,325
126,503,105,207,208,235
126,504,132,7,6.5,-275
126,505,107,197.5,197,245
126,506,108,6.5,7,-290
126,507,114,209,209.5,195
126,508,109,5.5,5.5,-235
126,509,96,220,219,205
126,510,99,6.5,5.5,-245
127,701,103,204,205,135
127,702,111,3,3.5,-155
127,703,118,6.5,5.5,-240
127,704,96,208,210,200
127,705,95,199,201,850
127,706,109,14,13,-1300
127,707,87,5.5,7,-290
127,708,103,190,191.5,245
127,709,99,1.5,2,-130
127,710,93,195,197.5,110
127,711,96,195,194.5,210
127,712,86,5,6,-250
127,713,88,198,199.5,115
127,714,91,3,2.5,-135
127,715,90,195,194.5,135
127,716,105,3.5,3,-155
127,717,97,208,207.5,120
127,718,92,2.5,2.5,-140
127,719,106,3,2.5,-140
127,720,95,195.5,195,120
127,721,123,2.5,1.5,-125
127,722,110,215,214,105
128,501,106,213,216.5,150
128,502,104,3,3.5,-170
128,503,94,187.5,187,150
128,504,96,3.5,4,-170
128,505,106,216.5,216,110
128,506,112,2,2.5,-130
129,801,94,6,6,-260
129,802,73,203.5,204,220
129,803,99,6.5,6.5,-300
129,804,91,202.5,202.5,250
129,805,91,189.5,190,160
129,806,100,4,4,-190
129,807,81,3,3.5,-160
129,808,79,193,192.5,140
129,809,92,1.5,2,-130
129,810,65,188,187.5,110
129,811,97,1.5,201.5,100
129,812,111,201,1,-120
129,813,84,202,200.5,115
129,814,101,2,2,-135
129,815,108,197,197,170
129,816,106,4.5,4.5,-200
129,817,97,199.5,200,180
129,818,104,4.5,5,-220
129,819,100,193.5,194,190
129,820,104,5.5,5,-230
129,821,94,203,203,325
129,822,101,9,8.5,-450
129,823,121,1,2,-130
129,824,110,209,211,110
130,501,86,195,195.5,190
130,502,104,5,6,-230
130,503,109,206,203.5,280
130,504,102,5,7.5,-340
130,505,96,204.5,2,-130
130,506,106,pk,204.5,110
130,507,84,191,190,165
130,508,95,4,4,-185
130,509,114,193,193,365
130,510,112,8.5,8.5,-440
130,511,103,196,1,-115
130,512,96,pk,198.5,-105
131,801,103,199.5,197.5,205
131,802,89,4.5,5.5,-245
131,803,90,195.5,1,-117
131,804,89,pk,195,-103
131,805,89,192,190.5,800
131,806,114,11.5,12,-1200
131,807,83,4.5,5.5,-240
131,808,79,189.5,189.5,200
131,809,102,216.5,218,350
131,810,117,9,8.5,-450
131,811,91,5.5,5,-210
131,812,86,187,187,175
131,813,91,212,210.5,115
131,814,112,pk,2,-135
131,815,104,214.5,214,335
131,816,112,9.5,8.5,-425
131,817,115,220,218.5,145
131,818,111,3,3.5,-165
201,701,99,5.5,6,-235
201,702,88,191,190,195
201,703,97,189,186,205
201,704,81,5.5,6,-245
201,705,93,3,206,-118
201,706,95,206.5,pk,-102
201,707,109,210,211.5,-103
201,708,100,2,pk,-117
201,709,109,214,210.5,525
201,710,112,11.5,11,-750
201,711,92,199,200.5,150
201,712,104,4.5,4,-170
201,713,79,190,190,110
201,714,98,2,2,-130
202,501,82,194.5,193,418
202,502,99,10,9.5,-530
202,503,115,1,1.5,-120
202,504,130,219,216.5,100
202,505,89,201.5,198.5,465
202,506,105,10.5,10,-630
202,507,97,2.5,2.5,-145
202,508,93,183.5,182.5,125
202,509,99,191.5,191.5,100
202,510,106,1,1.5,-120
202,511,90,195,197.5,260
202,512,82,8,7,-320
202,513,97,219,217,260
202,514,119,6.5,7.5,-320
203,701,99,202.5,204,500
203,702,108,11,10.5,-700
203,703,97,194.5,194.5,400
203,704,103,9,9.5,-600
203,705,103,194,194.5,110
203,706,106,pk,2,-130
203,707,85,200.5,202.5,210
203,708,107,5.5,6,-250
203,709,102,183,182,200
203,710,107,6.5,5.5,-240
203,711,103,1,2.5,-140
203,712,99,193,192.5,120
203,713,101,217,218,700
203,714,110,11,11.5,-1000
203,715,109,222.5,220,200
203,716,97,7,5.5,-240
203,717,115,3.5,4.5,-200
203,718,113,197.5,200.5,170
203,719,105,195,195.5,270
203,720,118,7.5,7.5,-330
203,721,97,191.5,195,500
203,722,99,9.5,10.5,-700
204,501,86,187.5,188,410
204,502,102,10,9.5,-560
204,503,93,1.5,2,-135
204,504,96,194,194,115
205,801,92,195.5,194.5,800
205,802,91,12,13,-1200
205,803,83,199,201,155
205,804,107,4,4,-175
205,805,87,188.5,190,800
205,806,96,13.5,12.5,-1200
205,807,114,198.5,201,110
205,808,107,2.5,2,-130
205,809,81,197,196.5,320
205,810,91,7,8.5,-400
205,811,101,203.5,203.5,180
205,812,83,5,5,-220
205,813,101,195.5,192.5,120
205,814,94,3,2.5,-140
205,815,117,205,205.5,400
205,816,108,11,10,-600
205,817,114,3.5,2.5,-145
205,818,102,220.5,222.5,125
205,819,126,202.5,199.5,320
205,820,113,8.5,8,-400
206,501,104,191,190.5,350
206,502,99,7.5,9,-500
206,505,92,187.5,187,250
206,506,99,8.5,7,-300
206,507,106,201.5,201,800
206,508,113,12.5,12.5,-1200
206,509,91,189.5,190,100
206,510,95,2,1,-120
206,511,102,4,2.5,-145
206,512,109,210,209.5,125
206,513,81,204.5,209,250
206,514,93,6.5,7,-300
206,515,102,195.5,195.5,200
206,516,95,5.5,5.5,-240
206,517,106,208.5,207,400
206,518,116,8,10,-600
206,519,99,2.5,2,-130
206,520,82,194,192.5,110
206,521,98,3,3.5,-165
206,522,81,193.5,195,145
206,523,104,4.5,3.5,-165
206,524,95,214.5,215.5,145
207,801,104,215,217,320
207,802,115,8.5,8,-380
207,803,96,187.5,187.5,135
207,804,89,2.5,3,-155
208,701,117,194.5,194.5,420
208,702,123,8,9.5,-535
208,703,89,194,192.5,125
208,704,101,3,2.5,-145
208,705,127,4.5,5,-210
208,706,117,218,217,175
209,501,97,189,189.5,3000
209,502,104,16,16,-5000
209,503,92,189,189,315
209,504,94,8,8,-380
209,505,97,203.5,205.5,245
209,506,119,6.5,7,-290
209,507,109,200,205,110
209,508,101,1,2,-130
209,509,66,191,192.5,175
209,510,99,6,5,-210
209,511,118,215.5,215,180
209,512,114,5.5,5,-220
209,513,108,199.5,1,-117
209,514,94,1,199,-103
209,515,93,188.5,189.5,320
209,516,81,7.5,8,-390
209,517,91,212,211,250
209,518,127,7,7,-300
209,519,89,2,1.5,-120
209,520,77,191,190.5,100
209,521,109,5,5.5,-200
209,522,99,198.5,201.5,170
210,701,94,190,189.5,245
210,702,76,7,6.5,-290
210,703,93,209,209.5,195
210,704,104,7,5.5,-235
210,705,97,5,5.5,-220
210,706,77,188,188.5,180
210,707,103,196.5,198,160
210,708,97,4.5,4,-180
210,709,107,3.5,4.5,-200
210,710,87,192,195.5,170
210,711,85,3.5,5.5,-220
210,712,93,192,193.5,180
210,713,93,2,2.5,-135
210,714,92,201,200.5,115
210,715,96,202.5,202,190
210,716,81,5.5,5.5,-230
210,717,108,208,209.5,400
210,718,101,8.5,9.5,-500
210,719,102,2,2,-145
210,720,132,213.5,214,125
211,501,106,195,194.5,200
211,502,115,6.5,7,-240
211,503,111,204,206,210
211,504,92,5.5,6,-250
216,501,103,185.5,188.5,500
216,502,94,11.5,11,-700
216,503,105,189,189,115
216,504,78,2,2,-135
216,505,85,198.5,197.5,185
216,506,108,5.5,5.5,-225
216,507,86,196.5,195.5,170
216,508,99,3.5,5,-200
216,509,109,221.5,220,-115
216,510,95,1,pk,-105
216,511,85,197,200,235
216,512,118,7,6,-275
216,513,104,2.5,3,-155
216,514,95,202,201.5,135
216,515,87,191,195,290
216,516,109,6,8,-350
216,517,95,5.5,5.5,-250
216,518,92,199,198.5,210
216,519,94,218,216,1000
216,520,104,15,12.5,-1600
217,701,109,214.5,216.5,250
217,702,102,6.5,7,-300
217,703,99,203,206,170
217,704,108,4,4.5,-200
217,705,90,4,5,-210
217,706,87,203.5,204,175
217,707,91,190,193,500
217,708,116,12,11,-700
217,709,115,200.5,201,110
217,710,109,pk,2,-130
217,711,87,6.5,7.5,-300
217,712,84,185,187.5,250
217,713,127,194,193,200
217,714,99,4.5,5.5,-240
217,715,98,3,4,-175
217,716,90,202,202,155
217,717,97,218,215,160
217,718,107,4.5,4,-190
217,719,98,221.5,223.5,160
217,720,130,3,4.5,-190
217,721,110,5.5,7,-320
217,722,92,196,195.5,260
218,501,118,206.5,206.5,240
218,502,116,6,6.5,-290
218,503,87,189.5,188,125
218,504,86,4,2.5,-145
219,801,97,7,6,-250
219,802,107,208.5,209,210
219,803,93,4,4.5,-210
219,804,110,191.5,191,175
219,805,94,3,3.5,-165
219,806,106,192.5,191.5,145
219,807,91,189.5,1,-120
219,808,85,pk,188,100
219,809,95,201,204.5,250
219,810,85,5.5,7,-300
219,811,101,204,205,170
219,812,107,4.5,4.5,-200
219,813,100,2.5,2,-130
219,814,94,204.5,205.5,110
219,815,106,3.5,2.5,-140
219,816,89,198.5,199.5,120
219,817,100,188.5,188.5,250
219,818,87,6,7,-300
219,819,80,212,211.5,160
219,820,88,3,4,-190
219,821,100,5.5,5,-220
219,822,89,218.5,221,180
219,823,96,186.5,186,140
219,824,76,2.5,3,-160
220,501,104,207,205,250
220,502,109,7,7,-300
220,503,121,5.5,5.5,-230
220,504,118,204.5,206.5,190
220,505,90,196,196,180
220,506,122,5,5,-220
220,507,91,184,183.5,500
220,508,97,11,10.5,-700
220,509,125,206,209,295
220,510,115,7.5,7.5,-355
220,511,88,188.5,188,140
220,512,93,3,3,-160
220,513,89,202,1.5,-130
220,514,99,1.5,201,110
221,801,95,196.5,197,110
221,802,101,1.5,2,-130
221,803,105,199,198,165
221,804,114,4,4.5,-195
221,805,101,5,5,-200
221,806,109,187.5,186.5,170
221,807,104,4.5,6,-250
221,808,94,195,195,210
221,809,94,200,202,120
221,810,102,1,2.5,-140
221,811,109,6.5,5,-220
221,812,107,200.5,201.5,180
221,813,104,5.5,5,-225
221,814,108,213.5,212,185
221,815,88,218,216,425
221,816,104,11.5,9.5,-550
221,817,93,1,192,105
221,818,89,192,1.5,-125
222,701,95,2,2.5,-145
222,702,101,199.5,200,125
222,703,83,204,208,100
222,704,67,1,1.5,-120
222,705,82,206.5,207,420
222,706,91,9.5,9.5,-535
222,707,105,197.5,193.5,135
222,708,100,5.5,3,-155
222,709,94,2.5,4.5,-175
222,710,98,191,192.5,155
223,501,95,200.5,200.5,700
223,502,105,11.5,11.5,-1000
223,503,91,191.5,192,310
223,504,88,6.5,8,-380
223,505,106,197,198.5,400
223,506,110,9,9.5,-600
223,507,102,7.5,8,-360
223,508,93,183.5,184,300
223,509,99,4.5,5.5,-240
223,510,98,199,198,200
223,511,104,202.5,204.5,220
223,512,102,7,6,-260
223,513,101,194.5,195.5,120
223,514,89,2.5,2.5,-140
223,515,110,217.5,1,-120
223,516,102,pk,216,100
224,701,101,197.5,198,125
224,702,87,2.5,3,-145
224,703,92,202,202,700
224,704,98,11,11.5,-1000
224,705,99,1.5,1,-120
224,706,94,198,198.5,100
224,707,95,192,194.5,195
224,708,115,5.5,6,-240
224,709,110,202,205,330
224,710,120,8.5,8.5,-430
224,711,110,4,4,-200
224,712,92,205.5,205,170
224,713,87,193,194.5,170
224,714,95,2,5,-200
224,715,93,193,193,270
224,716,102,7.5,7,-340
224,717,95,209.5,210,300
224,718,106,8,7.5,-380
224,719,96,196,196,-105
224,720,101,2,1.5,-115
224,721,91,189.5,189.5,145
224,722,97,3.5,4,-170
225,501,112,1,2,-130
225,502,110,203.5,202.5,110
225,503,108,2,2.5,-140
225,504,88,193.5,192,120
225,505,127,6,6,-260
225,506,112,227.5,226.5,220
226,801,126,5.5,5.5,-240
226,802,118,206.5,206.5,200
226,803,118,205,207,105
226,804,116,2,1.5,-125
226,805,93,5,5,-200
226,806,100,201,198.5,170
226,807,92,203,203,425
226,808,109,9.5,9.5,-525
226,809,111,196,192,135
226,810,103,3,4,-155
226,811,111,193,192,140
226,812,115,3.5,3,-160
226,813,93,194.5,193,135
226,814,89,3.5,2.5,-155
226,815,104,3,3.5,-155
226,816,109,196,198,135
226,817,102,201,204,400
226,818,107,9,9,-500
226,819,99,7.5,7.5,-330
226,820,103,201.5,201.5,280
226,821,112,209,209.5,425
226,822,125,9,9.5,-525
226,823,90,199.5,198.5,575
226,824,99,11,11,-725
227,501,104,188.5,190,500
227,502,96,11.5,10.5,-700
227,503,94,183,181,115
227,504,71,pk,2,-135
227,505,90,211,213,135
227,506,100,3,3,-155
227,507,120,3,2.5,-140
227,508,109,211,212,120
227,509,110,3.5,4.5,-180
227,510,91,196.5,196,160
227,511,110,203.5,206.5,400
227,512,133,9.5,9.5,-600
227,513,88,210,207,155
227,514,95,3,4,-175
228,801,110,209.5,206,160
228,802,113,4,4,-190
228,803,89,208.5,209,240
228,804,95,6,6,-285
228,805,102,191.5,190,330
228,806,106,7,8.5,-420
228,807,89,1,1,-120
228,808,85,192.5,193,100
228,809,80,183.5,188,500
228,810,96,12,11,-700
228,811,99,207,206,375
228,812,119,7.5,9,-475
228,813,92,202.5,204.5,160
228,814,97,3,4.5,-190
228,815,100,200,200,320
228,816,108,8.5,8,-400
301,701,89,191.5,190,135
301,702,84,1,3,-155
301,703,126,4,4,-175
301,704,105,195.5,196,155
301,705,93,210.5,213,500
301,706,124,12.5,11,-700
301,707,106,2,3,-145
301,708,92,196,195,125
301,709,116,195,196.5,100
301,710,92,1,1,-120
301,711,103,194,1.5,-125
301,712,93,1.5,192.5,105
301,713,92,212.5,214,220
301,714,116,5.5,6,-260
301,715,85,225,221,115
301,716,101,2.5,2.5,-135
301,717,104,6.5,6.5,-275
301,718,108,203,202,235
302,501,105,4,4.5,-225
302,502,100,188,188,185
302,503,106,203,200.5,500
302,504,110,11,10.5,-700
302,505,107,202,203,500
302,506,113,10.5,10.5,-700
302,507,99,206.5,211,675
302,508,122,12.5,11.5,-975
303,701,90,215.5,215,1350
303,702,117,14.5,15,-2300
303,703,93,198,199.5,380
303,704,112,9,9,-460
303,705,111,11,10.5,-550
303,706,92,198,196,450
303,707,80,188,190,190
303,708,104,5.5,4.5,-230
303,709,104,204.5,206.5,145
303,710,128,3.5,4.5,-165
303,711,87,192,193.5,425
303,712,100,9.5,10,-525
303,713,104,202,201.5,110
303,714,100,2,2,-130
303,715,109,203,202,1200
303,716,112,14.5,13,-2000
303,717,84,210.5,210.5,240
303,718,81,6.5,7.5,-290
303,719,90,207,207,245
303,720,119,6,7.5,-295
303,721,79,201.5,204,330
303,722,102,9,9,-400
303,723,127,3,3.5,-155
303,724,101,211,210,135
304,501,105,202.5,205,180
304,502,96,6.5,5,-220
304,503,111,4,4.5,-200
304,504,114,187.5,189.5,170
304,505,116,214,213,110
304,506,108,1,1.5,-130
305,801,102,4.5,4,-170
305,802,74,190.5,192.5,150
305,803,83,3.5,4,-170
305,804,98,190.5,189,150
305,805,92,199,198.5,750
305,806,99,13,12,-1200
305,807,96,221.5,221,250
305,808,102,8.5,6.5,-300
305,809,96,5.5,5,-225
305,810,86,197.5,195.5,185
305,811,122,215,213,1200
305,812,127,13,13,-2000
305,813,97,10,10.5,-700
305,814,87,196.5,196.5,500
305,815,100,200.5,200.5,325
305,816,108,8.5,8.5,-450
305,817,114,218,221,600
305,818,122,11.5,11,-800
305,819,91,199,197,320
305,820,102,8,8,-400
305,821,104,5,5,-230
305,822,87,200.5,201.5,190
306,501,90,204,205.5,438
306,502,101,10.5,10,-575
306,503,94,188,189.5,110
306,504,100,1.5,2,-130
306,505,113,209.5,210.5,310
306,506,93,8,8,-370
306,507,112,3.5,4.5,-185
306,508,98,210,208,160
306,509,122,1.5,199.5,-102
306,510,116,200,1.5,-118
306,511,102,1.5,198,-102
306,512,92,199,1.5,-118
306,513,85,4,2.5,155
306,514,92,196,194.5,-175
306,515,85,206,206.5,1250
306,516,107,13.5,14.5,-2000
306,517,105,221,221.5,885
306,518,113,12,13,-1350
307,801,114,208,206.5,210
307,802,101,6.5,5.5,-260
307,803,94,195,196.5,105
307,804,96,3,2.5,-125
307,805,107,2,1.5,-125
307,806,110,196.5,198.5,105
307,807,83,193,193,700
307,808,86,12,12,-1000
307,809,108,3.5,3.5,-170
307,810,102,200,201,145
307,811,106,206,206.5,265
307,812,118,6,7,-335
308,501,95,194,2,-130
308,502,97,8,188.5,110
308,503,98,6,7,-300
308,504,99,211.5,211,250
308,505,101,198.5,197,280
308,506,107,9,7.5,-340
308,507,125,6.5,6.5,-275
308,508,112,207,207.5,235
308,509,131,215,217,210
308,510,135,7,6,-250
309,551,96,3,4,-180
309,552,88,199,198.5,158
309,553,87,199,199.5,775
309,554,113,12,12.5,-1200
309,555,96,209.5,1,-117
309,556,107,1.5,206.5,-103
309,557,78,183.5,182.5,150
309,558,83,3.5,4,-170
309,559,84,188,188.5,105
309,560,86,1,1.5,-125
309,561,132,3.5,5,-210
309,562,108,207,206.5,175
309,563,81,199,198.5,335
309,564,88,8,8.5,-420
309,565,107,209,211,600
309,566,109,10,11.5,-900
310,601,102,189,1.5,-125
310,602,87,pk,186.5,105
310,603,97,189,190.5,400
310,604,108,10,9.5,-600
310,605,115,7,6,-240
310,606,104,201,200.5,200
310,607,111,195.5,195,190
310,608,91,5,5.5,-230
310,609,110,8,8,-380
310,610,102,216.5,216.5,310
310,611,83,203,202.5,280
310,612,98,6.5,7.5,-340
310,613,87,203,203.5,600
310,614,96,12,11,-800
310,615,87,207,208.5,400
310,616,97,8.5,9.5,-600
310,617,90,1.5,211.5,105
310,618,113,212,1.5,-125
311,701,82,204,206.5,900
311,702,111,12.5,12.5,-1275
311,703,110,4.5,6,-245
311,704,105,212.5,215.5,205
311,799,105,7.5,7.5,-285
311,800,99,195.5,193,243
312,801,98,188,188.5,450
312,802,106,10,10,-600
312,803,100,7.5,7.5,-330
312,804,95,197.5,198.5,270
312,805,103,200,204.5,400
312,806,122,9.5,9,-500
312,807,95,189,190.5,700
312,808,108,10,11.5,-1100
312,809,112,212,213,250
312,810,119,7.5,7,-300
312,811,102,194.5,194,550
312,812,104,11,11,-800
312,813,87,191.5,191.5,250
312,814,101,6,6.5,-300
312,815,102,4.5,6,-230
312,816,95,211,210.5,190
312,817,103,5,7,-300
312,818,85,203,202,250
312,819,87,196.5,197.5,-103
312,820,95,pk,1,-117
312,821,102,215,2,-140
312,822,96,pk,212.5,120
312,823,110,1.5,1.5,-130
312,824,94,194,194.5,110
313,501,109,11,11.5,-1300
313,502,95,195.5,194.5,850
313,503,99,199.5,197,800
313,504,112,12,12,-1200
313,505,125,2.5,1.5,-125
313,506,108,214.5,213,105
313,507,88,196,195,650
313,508,118,13,11.5,-900
313,509,108,200.5,202,475
313,510,116,10,9.5,-625
313,511,128,211,213,550
313,512,94,11,10.5,-750
313,513,112,1.5,2,-135
313,514,124,226,232,115
314,871,94,203,204,400
314,872,98,9,10,-600
314,873,93,196,193,245
314,874,104,7,7,-305
314,875,91,192,191.5,230
314,876,104,7,6,-280
314,877,96,188.5,189.5,350
314,878,89,9.5,8.5,-475
314,879,111,205,204.5,140
314,880,119,1.5,3,-160
314,881,106,211.5,215.5,400
314,882,120,8,10,-575
314,883,100,208.5,210.5,315
314,884,114,8,8,-415
314,885,98,203,203,325
314,886,109,8,8.5,-450
315,501,94,210.5,209.5,120
315,502,84,3.5,2.5,-140
315,503,93,196,195,350
315,504,119,10.5,9,-500
315,505,123,3.5,2.5,-140
315,506,125,215.5,216.5,120
315,507,89,202,204.5,600
315,508,112,12,11,-800
315,509,108,201.5,204.5,130
315,510,100,1,3,-150
315,511,124,8,8.5,-450
315,512,121,223,224.5,325
316,551,94,1,3.5,-155
316,552,99,197.5,197.5,135
316,553,88,189,186.5,120
316,554,76,pk,2.5,-140
316,555,113,9.5,10.5,-800
316,556,101,195.5,198.5,600
316,557,108,5.5,7,-300
316,558,84,195,194.5,250
316,559,97,202,207,550
316,560,104,9.5,11,-750
316,561,87,210,212,1500
316,562,97,14,14.5,-3000
316,563,114,223,225.5,750
316,564,152,12,12.5,-1100
316,565,106,7,6,-250
316,566,99,205,206,210
317,611,97,193.5,191.5,250
317,612,108,5.5,7,-310
317,613,105,211,208.5,125
317,614,106,2,3,-145
317,615,94,209,208.5,1500
317,616,99,13,14.5,-2800
317,617,92,1,1.5,-125
317,618,100,191,187.5,105
317,619,97,208,208,400
317,620,109,10,9,-525
317,621,84,194,193,260
317,622,110,7,7,-320
317,623,94,216.5,212.5,175
317,624,107,4,6,-210
317,625,106,209.5,208,1300
317,626,113,11,14,-2600
317,627,100,214,220,1500
317,628,122,15,15,-2800
317,629,121,229,227.5,140
317,630,131,2,2.5,-165
317,631,93,3.5,5,-230
317,632,101,193,193.5,190
318,701,108,3,2,-145
318,702,102,187,189.5,125
318,703,80,214,218,1450
318,704,93,13,14,-2500
319,801,102,203,203,120
319,802,106,2.5,2.5,-140
319,803,115,1.5,209,-120
319,804,89,209,pk,100
319,805,92,192.5,190.5,220
319,806,93,5,6,-260
319,807,88,207.5,207.5,105
319,808,92,4,1.5,-125
319,809,92,10.5,10,-700
319,810,85,203.5,206,500
319,811,94,1,1.5,-125
319,812,87,203,202.5,105
319,813,116,220.5,219.5,750
319,814,147,10.5,12,-1100
319,815,100,222.5,223,195
319,816,110,3,5.5,-235
319,817,74,193,190.5,750
319,818,76,12.5,12.5,-1100
319,819,114,3,4,-175
319,820,108,197,194.5,155
319,821,96,216.5,215.5,1500
319,822,104,15,15,-3000
320,501,98,199.5,199.5,170
320,502,84,4.5,4.5,-200
320,503,100,4,4,-185
320,504,90,204.5,207.5,160
320,505,71,181.5,180.5,240
320,506,77,6,6,-280
320,507,107,230.5,234.5,425
320,508,123,8.5,9.5,-550
320,509,86,213,210,415
320,510,106,10,9.5,-525
320,511,102,202.5,203,500
320,512,97,10.5,10,-700
320,513,102,201.5,199,160
320,514,93,3.5,4,-185
321,701,116,2.5,3.5,-160
321,702,112,208,211,140
321,703,101,4,5,-210
321,704,121,205.5,206.5,175
321,705,102,200,203.5,165
321,706,89,5,4.5,-190
321,707,114,194,193.5,135
321,708,119,2.5,3.5,-155
321,709,79,200.5,201,850
321,710,104,11.5,11.5,-1200
321,711,92,196,193.5,800
321,712,99,12.5,12,-1250
321,713,87,207.5,207.5,225
321,714,93,6,6,-265
322,601,109,7.5,8.5,-415
322,602,93,196,196,315
322,603,99,5.5,7,-320
322,604,89,187,188,260
322,605,106,4.5,4.5,-190
322,606,100,218.5,217.5,160
322,607,95,189.5,190.5,200
322,608,98,3.5,6,-250
322,609,99,195,195,170
322,610,96,3.5,5,-210
322,611,88,207,209,120
322,612,98,2,2.5,-140
322,613,99,4.5,4.5,-195
322,614,115,205,202.5,165
322,615,97,202,199.5,165
322,616,110,5,4,-195
322,617,102,2,1.5,-135
322,618,85,208,207,115
322,619,133,5,5,-215
322,620,131,243.5,243,175
323,651,95,5.5,6.5,-285
323,652,86,183,182,235
323,653,104,6,7,-310
323,654,109,217,220.5,250
323,655,98,205,208,160
323,656,83,3.5,4,-190
323,657,96,206,207,450
323,658,106,10,10,-600
324,751,95,196.5,195.5,375
324,752,108,10.5,9,-525
324,753,113,3,3.5,-165
324,754,87,214,213,145
324,755,99,206,205.5,170
324,756,113,3.5,4.5,-200
324,757,84,195.5,200,100
324,758,86,1,1,-120
324,759,82,200.5,199.5,390
324,760,99,6,9,-470
324,761,79,1.5,1.5,-125
324,762,93,197,197.5,105
324,763,104,206,205.5,330
324,764,122,7,8,-400
324,765,101,193,190.5,445
324,766,86,9.5,10,-625
324,767,105,6,5.5,-250
324,768,92,201.5,200,210
324,769,92,197,198,115
324,770,83,1,2,-135
324,771,110,233.5,1.5,-125
324,772,128,pk,233.5,105
325,801,103,190,190,110
325,802,74,2,2,-130
325,803,99,208,207.5,175
325,804,93,6.5,4.5,-215
325,805,89,192,192,145
325,806,101,3,3.5,-165
326,851,97,209,210.5,2000
326,852,106,15.5,15.5,-4750
326,853,106,5,5.5,-240
326,854,122,209.5,211.5,200
326,855,97,4.5,0.5,-270
326,856,96,217,216,230
326,857,98,4.5,5.5,-230
326,858,105,195,193.5,190
326,859,96,181,181,450
326,860,107,10.5,10,-600
326,861,86,197,196,650
326,862,94,12,11,-900
326,863,75,1,1,-101
326,864,91,198,200,-109
326,865,110,192.5,193.5,106
326,866,118,1,1.5,-117
326,867,87,184.5,182.5,120
326,868,74,5,2.5,-140
326,869,97,1.5,1,102
326,870,102,194,194.5,-113
326,871,96,223,225,550
326,872,132,11,10.5,-750
327,501,103,9,9.5,-500
327,502,87,196.5,199,400
327,503,112,2.5,3.5,-155
327,504,101,194.5,193,135
327,505,83,194.5,197.5,430
327,506,106,10,9,-550
327,507,109,5.5,6,-265
327,508,101,200.5,199.5,225
327,509,111,4,3,-150
327,510,90,231.5,234.5,130
328,701,90,197.5,195,1315
328,702,97,14,14,-2200
328,703,103,194,195,155
328,704,108,4.5,4,-175
328,705,84,207.5,207.5,340
328,706,94,8,8.5,-425
328,707,94,193.5,194.5,235
328,708,97,6,7,-275
328,709,110,199,197,120
328,710,103,1.5,2.5,-140
328,711,97,208.5,208.5,225
328,712,103,5.5,6,-265
328,713,92,190.5,190,150
328,714,87,4.5,4,-170
328,715,111,9.5,9,-500
328,716,105,227,223.5,400
328,717,94,192,192.5,135
328,718,73,3.5,3,-155
328,719,121,228,228.5,200
328,720,103,5,5.5,-240
329,731,103,195.5,195.5,275
329,732,101,7,8,-335
329,733,84,8,8,-380
329,734,90,193,193,315
329,735,100,5.5,6,-260
329,736,108,201,201.5,220
329,737,93,210,211,200
329,738,109,4.5,5.5,-240
329,739,98,213.5,213.5,575
329,740,103,12,11,-850
330,751,95,205,207.5,250
330,752,102,6,7,-300
330,753,111,6,6.5,-270
330,754,93,195,196,230
330,755,89,193,191.5,600
330,756,107,10,11,-800
330,757,111,3.5,3,-150
330,758,105,217.5,213.5,130
330,759,94,196,195.5,260
330,760,98,8,7.5,-320
331,501,84,190,189.5,500
331,502,103,9,10.5,-700
331,503,98,189.5,189.5,425
331,504,101,9.5,9.5,-550
331,505,92,196,195,100
331,506,109,pk,1.5,-120
331,507,92,205.5,205.5,500
331,508,114,10,10,-700
331,509,109,191,192.5,140
331,510,104,3,3,-160
331,511,116,7.5,7,-310
331,512,105,212.5,211,255
331,513,98,5.5,6.5,-275
331,514,81,186.5,186.5,235
331,515,96,198,198,425
331,516,91,9.5,9.5,-550
331,517,99,209.5,207,120
331,518,108,1,2.5,-140
331,519,106,1.5,1.5,-118
331,520,102,206,203.5,-102
331,521,102,199.5,199,550
331,522,119,11.5,11.5,-800
331,523,104,232,232.5,900
331,524,128,12.5,12,-1350
331,525,90,200.5,200.5,525
331,526,118,10,11,-750
401,701,97,200,2.5,-140
401,702,82,pk,197.5,120
401,703,92,203,200,175
401,704,109,4,5.5,-210
402,501,105,193.5,192.5,-103
402,502,96,1.5,1,-117
402,503,86,182,182.5,145
402,504,87,3.5,3.5,-165
402,505,95,4.5,5.5,-230
402,506,87,193,191,190
402,507,119,203,202.5,550
402,508,114,pk,11,-800
402,509,96,205.5,205.5,145
402,510,107,3.5,3.5,-165
402,511,109,9,9,-500
402,512,94,211,210,400
402,513,88,195,197,180
402,514,93,5,5.5,-220
402,515,100,196,193.5,135
402,516,112,2,3,-155
402,517,117,236,237,165
402,518,128,3.5,5,-190
402,519,92,205,203.5,170
402,520,106,5,5,-200
403,801,128,3.5,5,-200
403,802,123,205.5,205.5,170
403,803,85,195.5,194.5,1000
403,804,91,14,13,-1500
403,805,87,2,3,-155
403,806,115,201,204,135
403,807,97,4.5,7,-300
403,808,84,191.5,191.5,250
403,809,88,186.5,185.5,170
403,810,96,3,4.5,-200
403,811,121,195.5,200.5,135
403,812,116,3.5,3,-155
403,813,98,205,205,120
403,814,107,2,2,-140
403,815,90,210.5,210.5,1375
403,816,98,13.5,13.5,-2400
403,817,98,6,7.5,-355
403,818,87,194.5,191.5,295
404,501,113,2,193,115
404,502,117,194,2,-135
404,503,100,194.5,193.5,180
404,504,81,6,5,-220
404,505,92,204,201,588
404,506,107,10,11.5,-875
404,507,102,212,215,163
404,508,133,4.5,4,-188
404,509,113,236.5,232.5,318
404,510,112,8,8,-385
404,511,99,188.5,189.5,150
404,512,109,3,3.5,-170
404,513,108,208,211,1050
404,514,116,12,13.5,-1600
404,515,113,208,1.5,105
404,516,107,2.5,209.5,-125
406,651,101,207.5,205.5,210
406,652,113,9,5.5,-250
406,653,100,184,184.5,175
406,654,109,3.5,5,-210
406,655,124,195,197.5,170
406,656,103,4.5,4.5,-200
406,657,94,2,3,-150
406,658,112,219,222,130
406,659,101,5,7.5,-350
406,660,104,208.5,206.5,290
406,661,79,187,191,190
406,662,74,5.5,5,-230
406,663,113,212,213.5,170
406,664,103,3.5,4.5,-200
406,665,139,208.5,212.5,260
406,666,140,6,7,-320
406,667,95,6,7.5,-340
406,668,86,193,194.5,280
407,701,115,208,5.5,-235
407,702,104,pk,203,195
407,703,105,218,218.5,575
407,704,113,8,11,-775
407,705,95,191.5,192,700
407,706,99,10.5,11.5,-1000
407,707,88,5.5,5.5,-225
407,708,90,191.5,192.5,185
407,709,89,190,190.5,310
407,710,108,8,8,-370
407,711,94,194,192.5,1250
407,712,121,14.5,13.5,-1850
407,713,116,228.5,2,-130
407,714,107,2,231,110
407,715,98,211,214,115
407,716,94,3,2.5,-135
407,717,104,1,2,-130
407,718,103,190,192,110
407,719,84,204,205.5,425
407,720,110,8,9.5,-550
407,721,96,5,4,-185
407,722,113,214,215.5,160
407,723,101,212,209,215
407,724,112,5.5,6,-255
407,725,93,6,9,-475
407,726,85,192,193.5,380
408,501,108,193,194,240
408,502,109,pk,6.5,-290
408,503,94,200.5,201,245
408,504,116,6.5,7,-295
408,505,96,206,202,110
408,506,98,3,4,-130
409,701,95,3.5,4.5,-210
409,702,90,195.5,193,175
409,703,103,212.5,211,675
409,704,118,12,12,-925
409,705,106,195.5,194.5,550
409,706,96,12,10.5,-750
409,707,116,204,203,-110
409,708,113,2,pk,-110
409,709,101,205,204,550
409,710,107,9,10.5,-750
409,711,106,182.5,184,650
409,712,99,11.5,11.5,-900
409,713,116,5.5,6,-245
409,714,127,195.5,196,205
409,715,97,5.5,7.5,-350
409,716,88,201.5,199.5,290
409,717,91,221,219,175
409,718,96,3.5,4.5,-210
409,719,114,5.5,8,-370
409,720,103,210.5,211,300
409,721,107,200,200,550
409,722,99,10.5,10.5,-750
409,723,90,198.5,198,130
409,724,97,1,3,-150
409,725,83,191.5,191,185
409,726,77,4,5,-225
410,501,102,208.5,210.5,500
410,502,115,9.5,11.5,-700
410,503,95,185.5,188.5,310
410,504,99,6,8,-380
410,505,105,6.5,6,-255
410,506,95,195.5,192.5,215
410,507,120,205,206.5,200
410,508,101,7,6,-240
410,509,105,190.5,188,115
410,510,90,1,2,-135
410,511,104,201,200.5,235
410,512,85,7,6,-275
410,513,126,4.5,4.5,-200
410,514,108,197.5,195.5,170
410,515,104,227.5,2,-130
410,516,107,1.5,224.5,110
411,701,98,4,5,-230
411,702,92,197.5,200,190
411,703,91,190,186,130
411,704,88,4,3,-150
411,705,111,4.5,6,-260
411,706,98,200,198,220
411,707,104,1,2.5,-140
411,708,88,201.5,203,120
411,709,86,211.5,213,185
411,710,114,5,5.5,-225
411,711,106,224.5,224.5,415
411,712,116,9,9,-515
411,713,117,6,7,-320
411,714,120,225,227,270
412,501,107,4.5,3.5,-185
412,502,105,193.5,191,160
412,503,118,4,3,-160
412,504,98,210.5,210.5,140
412,505,103,207.5,206.5,140
412,506,114,4.5,3.5,-160
412,507,111,1,204,120
412,508,97,203,2.5,-140
412,509,105,5.5,4.5,-200
412,510,95,192.5,190,170
412,511,104,189,1.5,-125
412,512,96,1.5,188,105
412,513,111,203,206,1400
412,514,133,14,14.5,-2100
412,515,101,211,208.5,550
412,516,123,10.5,11,-800
412,517,117,207.5,212,120
412,518,107,1.5,2.5,-140
412,519,95,189,186.5,100
412,520,103,4,1.5,-120
412,521,117,9.5,12,-850
412,522,94,198,196.5,575
413,701,93,194,198,180
413,702,101,5.5,5,-220
413,703,103,6.5,7.5,-370
413,704,94,232.5,231,310
413,705,101,217,215.5,175
413,706,123,5,5,-210
413,707,100,195.5,196,313
413,708,106,8,8,-375
414,501,97,2,2,-135
414,502,98,210.5,212.5,115
414,503,113,217.5,219,290
414,504,131,7.5,7.5,-350
414,505,111,208.5,209.5,650
414,506,125,11,11,-850
414,507,86,192.5,189,170
414,508,94,9.5,4.5,-200
414,509,83,196.5,194,110
414,510,99,5,2,-130
414,511,106,190,5,-220
414,512,95,1,190,180
414,513,105,209.5,209,320
414,514,114,7,8.5,-400
414,515,89,196.5,199,180
414,516,96,7,5,-220
414,517,123,215.5,216,250
414,518,115,8,6.5,-300
414,519,103,204,206.5,105
414,520,98,4,1.5,-125
414,521,98,1.5,1.5,-125
414,522,89,189.5,188.5,105
414,523,100,221,217.5,190
414,524,86,6,5.5,-230
414,525,122,215,211,400
414,526,116,7.5,10,-600
414,527,91,6.5,7,-300
414,528,107,192.5,194,250
417,701,83,192,193.5,800
417,702,96,11,11.5,-1200
417,703,92,186,186.5,325
417,704,102,7.5,8.5,-450
417,705,76,185,184,175
417,706,85,5,4.5,-210
417,707,113,209,208.5,230
417,708,126,5.5,6,-270
418,709,79,197,197,330
418,710,87,8,7.5,-400
418,711,89,187.5,187,475
418,712,98,10,10,-625
418,713,94,194,195,160
418,714,100,4.5,4.5,-190
418,715,105,205,204.5,350
418,716,100,7,8,-420
419,717,102,191,191.5,650
419,718,112,11,10.5,-1000
419,719,114,213,213.5,245
419,720,111,7,6,-290
420,721,86,188,188.5,310
420,722,96,7.5,7.5,-380
420,723,77,179,182.5,100
420,724,106,2,1,-120
420,725,90,205,203.5,395
420,726,119,8.5,8.5,-475
420,727,92,190.5,192,220
420,728,95,6,5.5,-260
421,729,77,187,186,450
421,730,92,14,9,-600
421,731,102,4,194.5,140
421,732,88,194,3,-160
422,733,106,4.5,4.5,-200
422,734,108,193,193.5,170
422,735,96,191,193,155
422,736,101,2,4,-175
422,737,108,205,202,105
422,738,89,pk,1.5,-125
423,501,100,182,182,175
423,502,98,4,4.5,-205
423,503,90,193.5,194,150
423,504,94,3,3.5,-170
423,505,93,217,214,125
423,506,105,2.5,2.5,-145
424,507,90,2,2,-135
424,508,86,184.5,183,115
424,509,87,1,1,-125
424,510,96,202,203.5,105
424,511,89,1,188.5,100
424,512,107,187,1,-120
424,513,89,193,196,-110
424,514,110,1,pk,-110
425,515,92,185,186,110
425,516,101,1,2,-130
425,517,121,6,6,-275
425,518,98,194,194,235
425,519,89,193,194,140
425,520,92,2.5,3.5,-160
425,521,106,212,212.5,125
425,522,117,2,2.5,-145
426,523,99,4,4,-192
426,524,90,182.5,184,167
426,525,104,1.5,2,-130
426,526,111,190,189.5,110
426,527,88,202,204.5,320
426,528,107,6.5,7.5,-390
427,529,94,199.5,199.5,1625
427,530,96,12,12.5,-2550
427,531,86,188,186,295
427,532,96,6,7,-355
427,533,81,192.5,191,200
427,534,103,4.5,5,-240
427,535,87,195,194.5,260
427,536,111,6,6,-320
428,537,91,191,191.5,475
428,538,87,8.5,9.5,-625
428,541,102,215,217,315
428,542,116,6.5,7.5,-375
429,547,87,191,191.5,165
429,548,97,3.5,4.5,-195
429,549,99,202,200,100
429,550,90,1.5,1,-120
430,553,83,1,1.5,-125
430,554,69,190,189,105
430,555,95,195,194.5,100
430,556,94,2,pk,-120
430,557,104,218,215,240
430,558,112,3.5,6.5,-280
501,701,93,193,192,320
501,702,101,7.5,7,-380
502,571,74,187,185.5,400
502,572,95,8.5,8.5,-600
503,707,99,202,198.5,310
503,708,104,8,6.5,-380
503,703,102,202,205,180
503,704,111,4.5,4.5,-220
503,705,104,192,192.5,260
503,706,86,6.5,6,-320
504,709,71,192,192.5,450
504,710,114,8.5,9,-600
504,711,103,199,198.5,245
504,712,111,6.5,5.5,-290
505,713,102,205,206,130
505,714,110,3.5,3,-150
506,715,98,189,193,450
506,716,112,9,9,-600
507,717,124,191,193,-105
507,718,95,1,1,-115
507,719,110,206,206.5,290
507,720,96,5.5,7,-350
508,721,105,2.5,2,-145
508,722,75,194,193.5,125
508,723,111,203.5,202.5,175
508,724,110,3.5,4.5,-210
509,725,87,1.5,1.5,-125
509,726,97,195,195,105
509,727,107,206.5,207,170
509,728,101,2.5,4.5,-200
510,729,98,5.5,6.5,-280
510,730,84,193.5,191.5,240
510,731,111,205.5,207,140
510,732,96,2.5,3.5,-160
511,733,120,195,193.5,290
511,734,88,8,7,-350
513,741,85,196,193.5,105
513,742,94,pk,1.5,-125
516,503,92,189.5,188.5,250
516,504,88,6,7,-300
517,501,107,212,210,250
517,502,128,6.5,6,-300
518,505,95,186.5,189,270
518,506,92,7.5,7,-330
519,507,112,214,216.5,290
519,508,124,6,7.5,-350
522,509,71,190,189.5,140
522,510,94,3,3.5,-160
523,511,109,219,220,110
523,512,118,3,1,-130
524,513,96,188,187.5,280
524,514,92,5.5,7,-340
525,515,106,222,2,-130
525,516,115,1,219.5,110
526,517,92,186,186.5,160
526,518,113,4,4.5,-180
527,519,101,219,217,315
527,520,103,7,7.5,-390
528,521,84,189,187.5,135
528,522,96,2.5,3.5,-155
529,523,111,215,218,115
529,524,103,1,1.5,-135
603,701,89,194,190.5,200
603,702,102,6,5.5,-240
606,703,103,190,193,190
606,704,94,6,5.5,-230
608,705,91,192.5,191,125
608,706,84,2,2.5,-145
610,707,89,191,190.5,160
610,708,96,3,4,-180
613,709,86,189,189.5,110
613,710,92,3.5,2,-130
615,711,67,187,190.5,210
615,712,89,6.5,6,-250
617,713,79,188,186.5,230
617,714,83,6.5,6.5,-270